Ep,Step,Reward,Total_reward,Action,Epsilon,Done,Termination_Code
1.0,1.0,0.013834382201126977,0.013834382201126977,3.0,1.0,0.0
1.0,2.0,0.05779046297517163,0.07162484517629861,9.0,1.0,0.0
