Ep,Step,Reward,Total_reward,Action,Epsilon,Done,Termination_Code
1.0,1.0,-0.3276029298727154,-0.3276029298727154,0.0,1.0,0.0
1.0,2.0,-0.28399257923628907,-0.6115955091090044,5.0,1.0,0.0
1.0,3.0,-0.2502292987271509,-0.8618248078361552,9.0,1.0,0.0
1.0,4.0,-0.2580972021877688,-1.119922010023924,8.0,1.0,0.0
