Ep,Step,Reward,Total_reward,Action,Epsilon,Done,Termination_Code
1.0,1.0,-0.2850342459029558,-0.2850342459029558,5.0,1.0,0.0
1.0,2.0,-0.3273945965393821,-0.6124288424423379,0.0,1.0,0.0
1.0,3.0,-0.26752760564838923,-0.8799564480907272,7.0,1.0,0.0
1.0,4.0,-0.30139505282419465,-1.1813515009149218,3.0,1.0,0.0
1.0,5.0,-0.29300631603024213,-1.4743578169451639,4.0,1.0,0.0
