Ep,Step,Reward,Total_reward,Action,Epsilon,Done,Termination_Code
1.0,1.0,0.057880122169485626,0.057880122169485626,9.0,1.0,0.0
1.0,2.0,0.02832694445177041,0.08620706662125603,5.0,1.0,0.0
1.0,3.0,0.05766287678804063,0.14386994340929665,9.0,1.0,0.0
