Ep,Step,Reward,Total_reward,Action_1,Action_2,Epsilon,Done,Termination_Code
1.0,1.0,0.23965760006063364,0.23965760006063364,5.0,0.0,1.0,0.0
1.0,2.0,0.31851089126254106,0.5581684913231748,4.0,9.0,1.0,0.0
1.0,3.0,0.32393598198525936,0.8821044733084341,8.0,9.0,1.0,0.0
1.0,4.0,0.3742306382746041,1.2563351115830383,6.0,4.0,1.0,0.0
1.0,5.0,0.31980991309807644,1.5761450246811148,7.0,9.0,1.0,0.0
1.0,6.0,0.296664493609727,1.8728095182908415,8.0,7.0,1.0,0.0
